"Country","Alcoholic Beverages","Animal Products","Animal fats","Aquatic Products, Other","Cereals - Excluding Beer","Eggs","Fish, Seafood","Fruits - Excluding Wine","Meat","Milk - Excluding Butter","Offals","Oilcrops","Pulses","Spices","Starchy Roots","Stimulants","Sugar Crops","Sugar & Sweeteners","Treenuts","Vegetal Products","Vegetable Oils","Vegetables","Miscellaneous","Obesity","Undernourished","Confirmed","Deaths","Recovered","Active","Population","Unit (all except Population)"
"Afghanistan",0,9.7523,0.0277,0,35.9771,0.4067,0.0647,0.5824,3.1337,5.5278,0.5916,0.2034,1.2479,0.1664,0.1941,0.5546,0,0,0.1387,40.2477,0,1.137,0.0462,4.5,"29.8",0.00847484359392251,0.000249723989275012,0.001106671573524,0.00711844803112349,38042000,"%"
"Albania",0.184,27.7469,0.0711,0,14.2331,1.8069,0.6274,1.2757,7.6582,16.475,1.1084,0.3722,1.4555,0,0.8867,0.2635,0,0.0042,0.2677,22.2552,0.0084,3.2456,0.0544,22.3,"6.2",0.0286913925822253,0.00108467459762071,0.0199440167949615,0.00766270118964311,2858000,"%"
"Algeria",0.0323,13.836,0.0054,0,26.5633,1.2916,0.635,1.1624,3.5088,8.0616,0.3283,0.183,2.5509,0.1776,1.4638,0.4628,0,0,0.2745,36.1694,0.0269,3.1267,0.1399,26.6,"3.9",0.0111459245265631,0.00108279961295673,0.00476201446804589,0.00530111044556052,43406000,"%"
"Angola",0.6285,15.2311,0.0277,0,20.3882,0.1756,5.4436,1.2754,7.6248,1.146,0.8133,2.1534,4.085,0,5.1941,0.1017,0,0.0092,0.0092,34.7782,0.0092,0.8133,0.0924,6.8,"25",0.00011455118210456,6.36395456136443e-06,3.50017500875044e-05,7.3185477455691e-05,31427000,"%"
"Antigua and Barbuda",0.1535,33.1901,0.1289,0,10.5108,0.485,8.2146,1.2586,16.067,7.4349,0.8534,0.7674,0.8841,0.3438,0.4666,0.4113,0,0,0.0737,16.8161,0.043,1.6024,0.2947,19.1,NA,0.0257731958762887,0.00309278350515464,0.0164948453608247,0.00618556701030928,97000,"%"
"Argentina",0.1704,31.9799,0.0097,0,13.6702,2.0593,1.0223,0.5209,21.625,5.8322,1.4313,0.0097,0.2434,0.0292,1.3096,0.9688,0,0.0049,0.0438,18.0176,0,1.0516,0,28.5,"4.6",0.0111706980573667,0.00058746300540733,0.00327555130287723,0.00730768374908209,44939000,"%"
"Armenia",0.0411,22.8846,0.1438,0,18.2738,1.756,0.8831,1.1142,8.5233,10.038,1.5404,0.2619,0.9191,0.0154,0.9191,0.5545,0,0.0051,0.2208,27.1154,0.0205,4.6621,0.1078,20.9,"4.3",0.0884199864956111,0.00135043889264011,0.037508440243079,0.049561107359892,2962000,"%"
"Australia",0.2914,32.9787,0.074,0.0046,10.9343,1.0916,2.8585,0.518,18.8298,8.432,1.6929,0.6984,0.2683,0.1203,0.9944,0.7031,0,0,0.7724,17.0213,0.0463,1.4524,0.2174,30.4,"<2.5",0.0271685437660541,0.000383323453862873,0.0236119344003161,0.00317328591187512,25305000,"%"
"Austria",0.615,30.0009,0.3376,0,13.1508,2.1456,1.8358,0.6242,13.6549,11.4954,0.5318,1.5028,0.2405,0.1341,1.045,0.726,0,0.0139,0.3561,19.9991,0.0647,1.5259,0,21.9,"<2.5",0.176298298974879,0.00682663061845218,0.151650332319477,0.0178213360369494,8877000,"%"
"Azerbaijan",0.3465,16.3039,0.0596,0,28.2218,1.4078,0.4873,0.5631,6.8551,6.8497,0.6444,0.0541,0.1787,0.0108,1.7652,0.2328,0,0,0.3411,33.7015,0.0217,1.9114,0.0433,19.9,"<2.5",0.0205527287239349,0.000259403372243839,0.0150453955901427,0.00524792976154844,10023000,"%"
"Bahamas",0.0325,34.1684,0.0895,0,7.8081,1.6755,5.734,1.8788,20.4311,4.8312,1.4152,0.8052,0.2765,0.244,0.366,0.4311,0,0,0.1464,15.8276,0.0325,2.6759,1.1305,32.1,NA,0.022879177377892,0.00282776349614396,0.00668380462724936,0.0133676092544987,389000,"%"
"Bangladesh",0,9.9195,0.0083,0,31.7243,0.7216,5.8306,0.3069,1.2773,1.8578,0.2239,0.5972,3.2512,0.7465,1.9574,0.1161,0.0083,0.0332,0.1078,40.0846,0,1.2026,0.0249,3.4,"14.7",0.00667758314137853,0.000111812399567414,0.00085722839668351,0.00570854234512761,163667000,"%"
"Barbados",0.1344,28.2153,0.112,0,12.3067,1.4508,6.6939,0.689,13.9872,5.3944,0.5826,1.2324,2.6608,0.3137,1.4228,0.3585,0,0,0.2465,21.7791,0.028,1.4844,0.9075,24.8,"3.9",0.0285714285714286,0.0024390243902439,0.0163763066202091,0.00975609756097561,287000,"%"
"Belarus",0.3401,27.0935,0.1328,0,13.7248,2.2901,2.4548,0.441,14.2402,6.0202,1.9554,0.5207,0.0053,0.0213,4.1552,0.3029,0,0,0.3454,22.9065,0.0213,2.8587,0.17,26.6,"<2.5",0.19383120312665,0.0011302418928911,0.0398331044681525,0.152867856765607,9467000,"%"
"Belgium",0.5466,28.4976,0.4678,0,13.7687,1.9599,2.999,0.6156,10.0507,11.9121,1.0981,0.2216,0.6993,0.1182,1.9304,0.4235,0,0.0049,0.5417,21.5098,0.1133,2.5213,0,24.5,"<2.5",0.440818641996858,0.0699598533775528,0.108579158666434,0.262279629952871,11458000,"%"
"Belize",0.201,18.9431,0.0893,0,18.6156,0.9378,2.3074,1.5035,10.748,4.5999,0.2531,1.7864,5.9918,0.0521,0.4094,0.2903,0,0,0.1265,31.0607,0.0372,1.3844,0.6624,22.4,"7.5",0.00441176470588235,0.000490196078431373,0.00392156862745098,0,408000,"%"
"Benin",0.7448,11.1646,0.0078,0,18.3955,0.225,3.6853,0.3491,5.6948,1.094,0.45,3.2508,4.275,1.6293,7.7818,0.0233,0,0,0.5741,38.8393,0,1.7457,0.0698,8.2,"10.1",0.000813490382171003,1.69477162952292e-05,0.00042369290738073,0.000372849758495043,11801000,"%"
"Bolivia",0.1826,22.6898,0.0219,0,18.0364,1.461,0.5552,0.9131,17.0794,3.2143,0.3506,0.5114,2.0747,0.1023,3.4772,0.4894,0,0,0.431,27.3139,0.0146,0.9204,0.1607,18.7,"17.1",0.0157105492589364,0.000749782040104621,0.00163034001743679,0.0133304272013949,11470000,"%"
"Bosnia and Herzegovina",0.5332,18.3339,0.0633,0,19.2578,0.7918,0.8341,0.7338,6.7096,9.3808,0.5543,0.6863,1.6998,1.3461,1.8582,0.9449,0,0.0053,0.2059,31.6634,0.0158,4.1651,0.2164,19.4,"<2.5",0.0557114228456914,0.0022616661895219,0.0260807328943601,0.0273690237618093,3493000,"%"
"Botswana",0.3682,20.29,0.1534,0,21.8932,0.3299,0.8208,0.3759,8.3615,9.3971,1.2274,1.5572,1.3194,0.4066,1.7413,0.3068,0,0,0.0384,29.71,0.0153,1.189,0.4986,16.1,"26.4",0.00100744634253176,4.38020148926851e-05,0.00035041611914148,0.000613228208497591,2283000,"%"
"Brazil",0.2807,29.0557,0.1266,0,12.1671,1.1831,1.3537,0.7759,18.7486,7.0053,0.6383,0.4788,4.7326,0.022,0.864,0.6879,0.022,0.0165,0.066,20.9443,0.022,0.8089,0,22.3,"<2.5",0.0551540137198326,0.00379206236982401,0.0230356562780655,0.0283262950719431,209332000,"%"
"Bulgaria",0.6659,24.988,0.24,0.012,17.5666,1.6079,1.3379,0.7499,11.6331,8.7833,1.3739,0.7619,0.7859,1.6319,0.6959,0.588,0,0,0.132,25.012,0.024,1.3139,0.096,27.4,"3.6",0.0244301075268817,0.00114695340501792,0.00490322580645161,0.0183799283154122,6975000,"%"
"Burkina Faso",1.366,7.1846,0.0066,0,29.1784,0.4466,1.4842,0.0591,2.975,1.7666,0.5057,5.7595,5.6019,0.0657,0.2496,0.0328,0,0,0.0854,42.8121,0,0.3809,0.0394,4.5,"20",0.00338566015451995,0.000236208847989764,0.00269671768121648,0.000452733625313715,20321000,"%"
"Cabo Verde",0.3173,18.5332,0.0649,0.0072,20.5668,1.0024,2.3004,0.649,8.4734,6.3172,0.3678,0.3534,5.2138,0.6707,1.0673,0.2885,0,0,0.0505,31.4704,0.0361,1.6875,0.5625,10.6,"12.6",0.0338181818181818,0.000363636363636364,0.00672727272727273,0.0267272727272727,550000,"%"
"Cambodia",0.4817,14.6494,0.0153,0,25.843,0.2982,10.2607,0.2982,3.2571,0.3441,0.474,4.5722,2.2173,0.1988,0.5046,0.0535,0.0153,0,0.0382,35.3544,0,0.8946,0.2294,3.5,"16.4",0.000739976951537575,0,0.000727846181840238,1.21307696973373e-05,16487000,"%"
"Cameroon",0.5688,8.1066,0.0144,0,19.7696,0.072,3.4197,1.5119,3.4845,0.8063,0.3168,3.8301,8.9777,0.8567,3.3261,0.1008,0,0,0.3168,41.8934,0.0072,2.5414,0.0792,9.5,"9.9",0.00813108672128613,0.000247333436388932,0.00368294945122894,0.00420080383366826,25876000,"%"
"Canada",0.3458,25.1828,0.6868,0.0049,12.9249,2.0553,2.8755,0.6868,13.7253,5.7905,0.0445,2.416,3.7451,0.1532,1.3785,0.6374,0,0.0099,0.5534,24.8172,0.084,1.5909,0.2915,31.3,"<2.5",0.168965332905675,0.0111993157458637,0.0721834656402855,0.0855825515195253,37413000,"%"
"Central African Republic",0.2045,21.8538,0.0969,0,8.8276,0.1507,2.433,1.0012,15.3192,1.6363,2.2069,3.6064,5.5765,0.0108,7.7726,0.3876,0,0.0431,0,28.1516,0,0.689,0.0323,6.3,"59.6",0.0017913593256059,0,0.000210748155953635,0.00158061116965227,4745000,"%"
"Chad",0.0567,15.4353,0.0425,0,22.6744,0.0709,2.2689,0.0993,7.4872,2.7723,2.8006,6.6931,3.7365,0,1.1132,0.0142,0,0,0,34.5576,0,0.1631,0.0142,4.8,"37.5",0.00103975535168196,0.000103975535168196,0.000262996941896024,0.000672782874617737,16350000,"%"
"Chile",0.2314,25.6899,0.1016,0,17.7775,1.6141,2.0374,0.4966,16.5077,5.226,0.1919,0.4571,1.3996,0.0282,1.8285,0.316,0,0,0.2653,24.3185,0.0169,1.4222,0.0734,28.8,"2.7",0.115224786727377,0.00143926309729419,0.0560527555346208,0.0577327680954624,19107000,"%"
"China",0.1648,30.6446,0.0471,0.0515,10.8868,2.7059,5.9326,0.437,16.3074,2.4705,3.1282,1.7892,0.3149,0.0765,0.5253,0.387,0.0015,0.0088,0.6092,19.3546,0.0059,3.6829,0.4679,6.6,"8.5",0.00600616581904537,0.000331681008275931,0.00564150983884466,3.29749719247799e-05,1398030000,"%"
"Colombia",0.2626,25.6945,0.0346,0,15.038,2.3981,1.4444,2.1493,12.4395,8.4243,0.9468,0.6496,2.3497,0.1106,1.8037,0.1313,0.0138,0.4699,0.2211,24.3124,0.0346,0.9883,0.0829,22.1,"4.8",0.0170981061658792,0.000750387104458649,0.00399610910390281,0.0123516099575178,50374000,"%"
"Congo",0.7335,23.8551,0.0089,0,13.2021,0.1431,7.898,0.9034,13.5599,0.5725,1.6726,1.7531,1.61,0.0089,4.9732,0.0716,0,0,0.0089,26.1449,0.0179,2.7102,0.1521,8.4,"40.3",0.0174874558632224,0.000817691878832931,0.002155733135105,0.0145140308492845,5381000,"%"
"Costa Rica",0.0739,28.0821,0.0739,0,12.6794,1.7744,3.5672,0.8441,10.3814,11.7861,0.499,1.4602,4.2943,0.1047,0.6099,0.5545,0,0.0123,0.1417,21.921,0.0062,1.0351,0.0986,25.7,"4.8",0.0149209486166008,0.000118577075098814,0.00816205533596838,0.0066403162055336,5060000,"%"
"Cote d'Ivoire",0.1859,11.5833,0,0,20.0997,0.49,4.5708,1.0983,4.4187,0.6506,1.4447,2.2727,1.1406,0.4309,9.4627,1.4109,0,0,0.997,38.4167,0.0084,1.2842,0.0338,9,"19",0.00573802618170416,7.05495022340676e-05,0.00274751117033785,0.00291996550913224,25514000,"%"
"Croatia",0.642,29.7692,0.1162,0,13.4872,1.3061,3.1767,0.5811,12.7677,11.4561,0.9408,0.5866,0.2601,0.0775,0.8966,0.9242,0,0.0387,0.249,20.2335,0.0221,2.4683,0,27.1,"<2.5",0.0520838471023428,0.00204685573366215,0.0384710234278668,0.0115659679408138,4055000,"%"
"Cuba",0.1187,18.4193,0.0057,0,17.5712,1.3795,0.8706,1.1703,11.1771,4.3024,0.6841,2.6063,6.5242,0.0283,1.2438,0.1753,0,0,0,31.5807,0,2.1088,0.0339,26.7,"<2.5",0.0150285408490903,0.000615412058508741,0.00850874063503389,0.00590438815554763,11212000,"%"
"Cyprus",0.2117,28.43,0.0436,0,13.695,1.4698,4.2661,0.8657,14.6478,7.3613,0.6352,1.1335,1.1335,0.081,0.5418,0.6415,0,0.0062,0.4048,21.5669,0.0125,2.1548,0.6975,22.6,"5.6",0.07024,0.0012,0.02368,0.04536,1250000,"%"
"Czechia",1.1737,30.7412,0.3469,0,12.3208,1.4801,1.5611,0.5608,14.7375,11.9392,0.6765,0.3238,0.7227,0.0925,1.5842,0.5666,0,0.0173,0.2024,19.2588,0.0578,1.4801,0.1561,28.5,"<2.5",0.0740018744142455,0.00240862230552952,0.0375445173383318,0.0340487347703843,10670000,"%"
"Denmark",0.3937,32.3912,0.4246,0,12.04,2.3133,3.7288,0.5485,12.5265,12.009,1.3889,0.3185,0.1902,0.1902,0.9731,0.9245,0,0.0044,0.4423,17.6088,0.0575,1.526,0,21.3,"<2.5",0.172177350060148,0.00864409692387008,0.128750644440626,0.0347826086956522,5819000,"%"
"Djibouti",0.0225,9.6191,0.0225,0,29.5547,0.2399,0.8097,0.3674,4.3035,3.4863,0.7647,0.2549,6.2828,0.2699,0.5248,0.1949,0,0,0.105,40.3809,0.0075,2.4142,0.3749,12.2,"18.9",0.114989733059548,0.000205338809034908,0.0764887063655031,0.0382956878850103,974000,"%"
"Dominica",0.038,27.2601,0.0634,0,11.2385,0.4245,5.4165,2.9142,12.2648,8.3434,0.7475,0.7095,1.7738,0.4371,3.2626,0.6018,0,0,0.0063,22.7431,0.0127,1.4634,0.2787,28.2,"6.2",0.0222222222222222,0,0.0194444444444444,0.00277777777777778,72000,"%"
"Dominican Republic",0.4784,25.6914,0.0224,0,13.1111,2.0631,2.0182,3.5207,12.9167,7.1386,1.5324,0.7774,3.7823,0.0747,0.8073,0.4111,0,0,0.0374,24.3086,0,0.9643,0.3438,26.9,"9.5",0.0815384615384615,0.00340384615384615,0.0183173076923077,0.0598173076923077,10400000,"%"
"Ecuador",0,22.7577,0.0988,0.0076,22.6665,1.6038,1.6494,1.1022,11.09,7.3579,0.9425,0.6385,0.8893,0.0532,0.8665,0.0532,0,0,0.0304,27.2423,0.0152,0.7753,0.1596,19.3,"7.9",0.184624739402363,0.00908617095205004,0.0198807041927264,0.155657864257586,17268000,"%"
"Egypt",0.0052,12.4994,0.0467,0,30.3504,0.5243,3.4934,1.0849,5.1077,2.0919,1.2302,0.5969,1.6818,0.2128,0.6696,0.2024,0.1298,0,0.0467,37.5032,0.0052,2.4916,0.026,31.1,"4.5",0.00726903819752887,0.000456270693692966,0.00174634579665671,0.0050664217071792,99064000,"%"
"El Salvador",0.1203,17.3405,0.0468,0,20.588,1.5904,1.4701,0.7952,6.8961,7.0364,0.3074,1.3699,6.8426,0.0267,0.7551,0.294,0,0,0.0334,32.6495,0.0267,1.5035,0.3074,22.7,"9",0.00909513480012395,0.000216919739696312,0.00317632475983886,0.00570189030058878,6454000,"%"
"Estonia",0.5907,28.6013,0.2233,0,15.0751,1.7071,1.735,0.5023,8.8097,15.424,0.7024,0.1861,0.8559,0.1674,1.3582,0.7535,0,0.0047,0.3582,21.401,0.0233,1.4745,0.0465,23.8,"2.9",0.128840361445783,0.00414156626506024,0.0196536144578313,0.105045180722892,1328000,"%"
"Eswatini",0.6034,14.768,0.0489,0,27.0081,0.4077,0.9296,0.7421,8.8396,3.4086,1.1253,1.3129,1.8511,0.4322,1.9979,0.1468,0,0,0.1794,35.2361,0,0.7747,0.1876,13.5,"20.6",0.0108576642335766,9.12408759124088e-05,0.0010948905109489,0.00967153284671533,1096000,"%"
"Ethiopia",0.1676,4.4561,0.0076,0,29.7303,0.099,0.1066,0.1143,1.6834,2.1938,0.3656,0.8074,10.748,0.7693,2.3461,0.3047,0,0,0.0838,45.5515,0,0.457,0.0076,3.6,"20.6",0.000129373031522408,3.56891121441126e-06,8.11927301278562e-05,4.46113901801408e-05,112079000,"%"
"Fiji",0.2232,21.1078,0.2435,0,16.8335,0.8386,6.3303,0.3043,10.1515,2.7323,0.8116,1.8734,4.6936,0.1826,2.7797,0.3382,0,0,0.0609,28.8922,0.0203,1.5014,0.0812,30,"3.7",0.00201793721973094,0,0.0015695067264574,0.000448430493273543,892000,"%"
"Finland",0.4797,31.2205,0.2505,0,13.0758,1.1632,3.8251,0.5434,11.1059,14.3706,0.501,0.3524,0.3099,0.0425,1.1123,1.0826,0,0.0042,0.1826,18.7816,0.0594,1.1038,0.433,24.9,"<2.5",0.0980257199782648,0.00445571454446658,0.0633943126245246,0.0301756928092737,5521000,"%"
"France",0.1784,31.0849,0.2677,0,13.4993,1.6015,3.9079,0.6513,12.8703,11.1617,1.2714,0.4104,0.513,0.0401,0.977,0.7361,0,0.0045,0.3569,18.9195,0.0134,1.4811,0.0535,23.2,"<2.5",0.263267729894808,0.039388283925101,0.0815035320973563,0.142375913872351,64834000,"%"
"French Polynesia",0.3778,32.9981,0.2042,0.0153,10.705,1.1741,7.0448,0.3931,18.8677,4.768,0.9189,1.0618,0.6636,0.0255,0.9036,0.3471,0.0255,0,0.1174,17.0044,0.0153,1.2558,1.1129,NA,"4.2",NA,NA,NA,NA,279000,"%"
"Gabon",0.6967,24.3394,0.0188,0,15.1258,0.1695,5.2846,1.6507,14.6928,1.7071,2.4666,3.3264,0.069,0,3.3202,0.1004,0.0063,0,0.0126,25.6637,0.0126,0.9352,0.4017,13.4,"10.5",0.0182444852941176,0.000275735294117647,0.00427389705882353,0.0136948529411765,2176000,"%"
"Gambia",0.2116,13.0026,0.0078,0,26.687,0.3213,6.7403,0.0705,2.3513,3.3702,0.2116,8.0649,0.4232,0.0078,0.1332,0.4232,0,0,0.1019,37.0013,0.0157,0.6427,0.2116,8.7,"10.2",0.000724020442930153,4.25894378194208e-05,0.000383304940374787,0.000298126064735945,2348000,"%"
"Georgia",0.1495,18.4294,0.169,0,27.2574,1.1636,1.4822,0.3835,6.7867,8.2299,0.5981,0.299,0.013,0.0715,1.2936,0.6436,0,0.0065,0.2665,31.5673,0.026,0.8906,0.273,23.3,"7.9",0.0151113335001251,0.000225168876657493,0.00600450337753315,0.00888166124593445,3997000,"%"
"Germany",0.6525,30.2658,0.3023,0,12.9162,1.7081,2.0631,0.6237,13.7703,12.0526,0.3646,0.7821,0.2351,0.12,1.3051,0.6669,0,0.0048,0.7005,19.7342,0.0288,1.7033,0,25.7,"<2.5",0.200971119133574,0.00841516245487365,0.162575210589651,0.0299807460890493,83100000,"%"
"Ghana",0.1509,12.1922,0.0079,0,16.2272,0.2701,6.6164,2.5417,4.1064,0.5878,0.5957,2.5576,3.2089,1.2073,10.8181,0.0159,0.0318,0,0.1191,37.8157,0.0159,0.8419,0.0715,9.7,"5.5",0.00897922789868234,5.94432152174631e-05,0.000970905848551897,0.00794887883491298,30281000,"%"
"Greece",0.2376,26.9807,0.0998,0,14.543,1.2737,2.6995,0.9981,10.9548,11.0689,0.884,0.6036,1.3593,0.0665,1.1121,0.6273,0,0.0095,0.8887,23.0217,0.0285,2.3193,0.2234,27.4,"<2.5",0.0246892813755724,0.00136435847117092,0.0128399215026633,0.0104850014017382,10701000,"%"
"Grenada",0.1204,30.3273,0.0567,0,12.2414,1.8631,5.9719,1.4452,15.3939,6.5812,0.4605,0.5809,2.6991,0.5667,0.6801,0.1204,0,0,0.0425,19.6727,0.0283,0.7793,0.3684,20.2,NA,0.01875,0,0.0116071428571429,0.00714285714285714,112000,"%"
"Guatemala",0.0787,15.405,0.0358,0,23.6119,2.6188,0.5581,0.6583,8.7221,2.9408,0.5366,1.431,6.597,0.0859,0.2504,0.4865,0,0,0.1002,34.595,0.0143,1.1806,0.093,18.8,"15.2",0.00433991240543769,0.000108071213241568,0.000449348728741255,0.00378249246345487,17581000,"%"
"Guinea",0.0404,9.2262,0.0162,0,26.1017,0.4286,2.442,1.3019,4.1077,1.4797,0.7601,3.5417,2.159,0,3.0403,0.2183,0,0,0,40.7779,0.0081,4.2371,0.1132,6.6,"16.5",0.0148223931903749,8.18464560484531e-05,0.00407595351121296,0.0106645932231134,12218000,"%"
"Guinea-Bissau",0.1925,10.5663,0.034,0,30.7701,0.2718,0.4077,0.9966,6.761,2.1857,0.906,1.2684,1.3364,0,1.88,0.0793,0,0,1.8913,39.4337,0.0113,0.7928,0.2152,8.2,"28",0.0219797764768494,5.32197977647685e-05,0.0010111761575306,0.020915380521554,1879000,"%"
"Guyana",0.1537,22.1489,0.0114,0,15.7922,0.2902,4.6153,0.8821,8.5306,8.5249,0.1821,2.0885,2.3902,0.6203,0.7341,0.2959,0,0,0.1821,27.8511,0.0285,4.456,0.2219,19.2,"8.1",0.0118773946360153,0.00127713920817369,0.00344827586206897,0.00715197956577267,783000,"%"
"Haiti",0,9.993,0.03,0,22.5894,0.1302,1.3217,1.2616,6.138,1.6922,0.6809,1.3117,10.3835,0,2.6434,0.8511,0,0.01,0,40.012,0.01,0.801,0.1402,20.5,"49.3",0.000896741543105744,0.00010654354967593,8.87862913966084e-05,0.000701411702033206,11263000,"%"
"Honduras",0.1091,17.3784,0.0156,0,23.5193,0.9196,0.6546,0.7481,9.11,6.1253,0.5533,0.2182,6.1877,0.0312,0.1948,0.6858,0,0,0.039,32.6216,0.0156,0.6858,0.187,19.4,"12.9",0.0130309870716191,0.000954237635953212,0.00125179560845475,0.0108249538272112,9746000,"%"
"Hungary",0.5289,28.3269,0.5687,0,15.6506,2.4056,1.035,0.4208,14.4791,9.8157,0.0171,0.2616,1.0009,0.1877,1.1601,0.4777,0,0,0.0284,21.6731,0.1081,1.8369,0.0171,28.6,"<2.5",0.0313715455475947,0.00371545547594678,0.00725690890481064,0.0203991811668373,9770000,"%"
"Iceland",0.3794,35.786,0.3298,0,9.3826,1.2163,9.3968,0.6383,11.7124,12.5102,0.617,0.5142,0.1596,0.1312,0.5674,0.9184,0,0.0035,0.1773,14.2158,0.0035,0.9787,0.3617,23.1,"<2.5",0.498337950138504,0.00277008310249307,0.48005540166205,0.0155124653739612,361000,"%"
"India",0.0077,11.2582,0.0306,0,25.2794,0.7271,1.5537,0.6659,1.0179,7.8142,0.1225,1.1174,7.2096,0.8189,0.8955,0.176,0,0.0459,0.1837,38.7418,0,2.3343,0,3.8,"14.5",0.00354914378702263,0.000121633611972253,0.00101603221530514,0.00241147795974524,1391885000,"%"
"Indonesia",0.0073,16.164,0.0219,0,27.3237,1.2821,10.1617,0.743,2.921,1.0854,0.692,2.3529,0.4953,0.3351,0.7503,0.4006,0,0.0219,0.102,33.836,0,1.2966,0.0073,6.9,"8.3",0.00449707360507267,0.000324865229361558,0.000818496455168971,0.00335371192054214,268419000,"%"
"Iran (Islamic Republic of)",0,14.4317,0.2626,0,26.42,1.2388,1.9124,1.2274,7.6383,2.8201,0.5537,0.1313,2.4034,0.177,0.9248,0.3311,0,0.0057,1.3701,35.5712,0.0057,2.5746,0,25.5,"4.9",0.119138134451979,0.00755562441157893,0.0959051852558068,0.0156773247845932,83911000,"%"
"Iraq",0.0083,11.1909,0.033,0,33.7215,2.2877,0.7433,0.7763,5.7648,2.2547,0.1074,0.3799,1.8996,0.0496,0.223,0.3469,0,0,0.2065,38.8173,0.0165,0.9911,0.1817,27.4,"29",0.00618417705418469,0.000259475960315441,0.00399643856525057,0.00192826252861867,39310000,"%"
"Ireland",0.7787,28.5256,0.3115,0,14.0504,1.4017,3.2849,0.8543,13.5407,9.6847,0.3021,0.5569,0.7363,0.0991,1.364,0.59,0,0.0047,0.3351,21.4791,0.0425,1.9681,0.0897,26.9,"<2.5",0.445090099210366,0.0271107511642033,0.271026523587771,0.146952824458392,4939000,"%"
"Israel",0.11,29.564,0.0204,0.0041,12.7832,1.2755,2.6773,0.8476,16.5363,8.3374,0.7131,1.5444,1.4792,0.0652,0.6846,0.4931,0,0.0041,0.5134,20.436,0.0326,1.7889,0.0896,26.7,"<2.5",0.191207888249795,0.00279375513557929,0.122843056696795,0.0655710764174199,8519000,"%"
"Italy",0.1827,26.7179,0.1405,0,16.4832,1.7191,3.7754,0.8853,12.5299,8.0191,0.5293,0.178,1.4848,0.0141,0.7167,0.5996,0,0,0.5855,23.2845,0.0141,1.9907,0.1499,22.9,"<2.5",0.352991962880106,0.0485790040599884,0.141239539315602,0.163173419504516,60345000,"%"
"Jamaica",0.103,24.6534,0.048,0.0137,16.5134,0.3912,4.8593,1.0913,12.6081,5.7515,0.9883,0.9266,1.2286,1.1187,1.9149,0.3226,0,0,0.0412,25.3466,0.0343,1.6747,0.3706,24.4,"8",0.0168267520455354,0.00032017075773746,0.00199217360369975,0.0145144076840982,2811000,"%"
"Japan",0.2541,27.7588,0.0058,0.0635,12.4213,3.5687,9.5744,0.3292,9.8112,4.1058,0.6294,4.9835,0.4966,0.1848,0.5139,0.6699,0.052,0.0462,0.2079,22.2383,0.0289,1.9923,0.0635,4.4,"<2.5",0.0120882865747345,0.000440640355048344,0.00356316373434776,0.00808448248533841,126180000,"%"
"Jordan",0.0072,17.4589,0.0289,0,24.224,0.7235,1.1287,0.615,10.361,4.7826,0.4414,1.0636,2.735,0.0941,0.4992,0.6295,0,0,0.4052,32.5447,0.0145,2.0838,0.1592,33.4,"12.2",0.00451192642973465,8.62151547083054e-05,0.00359229811284606,0.000833413162180285,10439000,"%"
"Kazakhstan",0.2369,28.9452,0.2053,0,14.0383,1.3317,0.658,0.5211,12.4803,12.8645,1.4107,0.4264,0.1579,0.0316,2.3739,0.4422,0,0,0.3211,21.0496,0.0316,2.3213,0.1526,21.3,"<2.5",0.0227186774001837,0.00015668053379437,0.00691015181803447,0.0156518450483549,18509000,"%"
"Kenya",0.1724,12.6375,0.0411,0,24.2979,0.312,0.9115,0.6241,5.1897,5.4114,0.7719,0.4434,8.0145,0.0411,2.0939,0.4681,0,0,0.1314,37.3542,0.0411,1.0347,0.0082,6,"29.4",0.00101761326891619,4.56499410354928e-05,0.000346178719519154,0.000625784608361548,52574000,"%"
"Kiribati",0.0338,24.9594,0.0473,0,15.368,0.4058,16.1052,0.9131,7.6502,0.602,0.1488,4.1328,0.0203,0.0203,2.6583,0.0676,0,0,0.3179,25.0338,0,1.3731,0.142,45.6,"2.7",NA,NA,NA,NA,123000,"%"
"Korea, North",0.0287,10.0832,0,0,23.907,1.3872,2.9561,0.6218,5.099,0.3348,0.3061,1.8464,6.2757,0,2.4873,0.0287,0,0,0.0574,39.912,0,4.6398,0.0287,7.1,"47.8",NA,NA,NA,NA,25666000,"%"
"Korea, South",1.0359,25.3298,0.1804,1.0719,14.4764,1.6698,8.3539,0.4741,11.4255,1.644,0.9843,2.9221,0.3504,0.0618,0.3556,0.2268,0,0.0618,0.3762,24.6702,0,4.329,0,4.9,"<2.5",0.0208424950815878,0.000491841222080778,0.0180013887281565,0.00234926513135054,51846000,"%"
"Kuwait",0,23.7566,0.025,0,17.5357,2.6897,1.6178,0.9166,12.2114,6.6516,0.556,0.4758,1.8382,0.4057,0.9416,0.6211,0,0,0.4107,26.2459,0.005,2.7047,0.3907,37,"2.8",0.137960541953886,0.000950796291894462,0.0483004516282386,0.0887092940337533,4207000,"%"
"Kyrgyzstan",0.0469,20.2308,0.0996,0,21.0511,0.7441,0.1992,0.2344,6.7378,11.3136,1.1425,0.041,1.992,0.0586,2.408,0.3515,0,0,0.3222,29.7633,0.0059,3.158,0.0996,15.4,"7.1",0.0130555985751897,0.000170357751277683,0.00929224097878272,0.00359299984512932,6457000,"%"
"Lao People's Democratic Republic",0.0541,12.0786,0.1082,0,25.5153,0.3365,4.531,1.971,5.9912,0.2644,0.8473,1.8629,0.9555,0.4086,0.5408,1.941,0.0541,0,0.012,37.9184,0.006,4.4408,0.1622,4.5,"16.5",0.000266292922214436,0,0.000126138752627891,0.000140154169586545,7135000,"%"
"Latvia",0.6062,28.578,0.7346,0,14.2299,1.8802,3.9608,0.4623,10.7367,10.449,0.8168,0.3493,0.0205,0.036,2.7689,0.6627,0,0.0051,0.3134,21.4168,0.0257,1.8031,0.1438,25.7,"<2.5",0.0468374281233664,0.000888656560376372,0.0181913225300575,0.0277574490329326,1913000,"%"
"Lebanon",0.0517,15.0004,0.0443,0,23.269,0.4581,1.6922,1.2266,6.9608,5.4607,0.3769,1.2636,2.8671,0.0961,0.9754,0.7389,0,0,1.2414,35.0107,0.0148,2.9705,0.2808,31.3,"11",0.0108080513418903,0.000364644107351225,0.0030046674445741,0.00743873978996499,6856000,"%"
"Lesotho",0.2653,9.5357,0.0078,0,32.4932,0.2107,0.4292,0.1795,5.9227,1.7948,1.1705,0.3043,4.1826,0.2107,1.9586,0.0624,0,0,0.0078,40.4682,0,0.7101,0.0858,13.5,"13.1",NA,NA,NA,NA,2125000,"%"
"Liberia",0.0752,12.2556,0.0251,0,28.6591,0.4386,2.0677,1.2406,8.3208,0.3258,1.0902,1.6416,0.5639,0,3.8722,0.0501,0.0627,0,0.1504,37.7318,0.0125,1.2406,0.1754,8.6,"37.2",0.00344338667206806,0.000405104314360948,0.00117480251164675,0.00186347984606036,4937000,"%"
"Lithuania",0.5273,30.7649,0.2077,0,12.858,1.7655,3.9345,0.3915,11.2483,13.0577,0.5512,0.3435,2.2808,0.1758,0.8588,0.4194,0,0.004,0.2317,19.2371,0.02,1.0785,0.0439,28.4,"<2.5",0.0510584858270542,0.00165052027269465,0.0243272335844995,0.0250807319698601,2787000,"%"
"Luxembourg",0.594,31.7713,0.2452,0.0047,10.4804,2.3148,3.9602,0.7732,14.1577,10.6124,0.4762,0.3253,0.2357,0.165,0.8486,2.5364,0,0.0047,0.0471,18.2264,0.0189,1.8717,0.33,24.2,"<2.5",0.619354838709677,0.0154838709677419,0.550322580645161,0.0535483870967742,620000,"%"
"Madagascar",0.0931,10.7114,0.0349,0,31.1678,0.2212,1.7813,0.8849,5.3906,2.3169,0.978,0.1746,2.1423,0.1281,3.4696,0.3842,0.0466,0,0.0466,39.2828,0,0.7219,0.0233,4.5,"44.4",0.000559902109829805,0,0.000374504060217287,0.000185398049612518,26969000,"%"
"Malawi",0.1544,8.4246,0.0956,0,23.98,0.2352,2.0731,1.4335,4.9548,0.2646,0.8013,3.2713,6.6676,0.0441,4.7048,0.0809,0,0,0.0368,41.5717,0,1.1836,0.0221,4.7,"17.5",0.000220086961189543,1.61039239894788e-05,4.83117719684363e-05,0.000155671265231628,18629000,"%"
"Malaysia",0.0824,27.3712,0.0634,0.0127,16.6065,3.5735,10.562,0.4055,11.3603,1.527,0.2724,0.6273,1.0518,0.9314,0.3738,0.1901,0,0,0.1457,22.6256,0.0063,1.7741,0.4372,15.3,"2.5",0.0194882911489024,0.000323634476231185,0.0139437608768662,0.00522089579580496,32753000,"%"
"Maldives",0.0367,30.0398,0.0612,0,13.4537,2.1107,18.0789,0.6363,4.9373,4.8394,0.0061,0.3793,0.312,0.6608,0.4283,0.52,0.0245,0.0061,1.0523,19.9633,0.0061,1.762,0.6852,7.9,"10.3",0.107102803738318,0.000373831775700935,0.00373831775700935,0.102990654205607,535000,"%"
"Mali",0.2414,13.6564,0.0177,0,27.6544,0.1178,1.325,0.4534,5.6063,5.6769,0.9069,1.2131,3.5923,0.1354,0.7479,0.1237,0,0.0059,0.3651,36.3465,0,1.7667,0.0471,7.1,"6.3",0.0031132363414386,0.000162783599552345,0.00115983314681046,0.0017906195950758,19658000,"%"
"Malta",0.2579,28.7765,0.0688,0,13.735,1.6073,3.6271,0.5845,13.9886,9.1968,0.2836,0.5802,1.0314,0.0774,0.7005,0.6188,0,0,0.3696,21.2257,0.0215,3.1501,0.0988,31,"<2.5",0.0964,0.001,0.0806,0.0148,5e+05,"%"
"Mauritania",0,18.4403,0.0188,0,25.3429,0.451,1.6348,0.2318,7.2346,7.9737,1.1275,0.3257,3.8334,0.0125,0.238,0.5951,0,0,0,31.5565,0.0063,0.8331,0.1441,11.3,"10.4",0.000176756517896597,2.20945647370747e-05,0.000132567388422448,2.20945647370747e-05,4526000,"%"
"Mauritius",0.2315,21.8521,0.0508,0.0056,20.5138,1.0277,4.122,0.3614,10.5364,5.7538,0.3444,0.7849,3.2693,0.367,0.4404,0.3783,0,0,0.1016,28.1536,0.0169,1.3326,0.3557,11.5,"6.5",0.0262243285939968,0.000789889415481833,0.0251974723538705,0.00023696682464455,1266000,"%"
"Mexico",0.2784,23.4422,0.0107,0.0161,19.3737,2.8587,2.3287,0.9047,11.1188,5.6906,1.4186,0.6906,3.1103,0.3533,0.3051,0.0803,0,0.0428,0.1445,26.5578,0.0214,1.2473,0.0054,28.4,"3.6",0.0205606073773276,0.00198061259154507,0.0132804537949232,0.00529954099085932,126577000,"%"
"Mongolia",0.2367,34.0697,0.1092,0,13.0902,0.7768,0.1032,0.085,19.8082,9.7706,3.5016,0.091,0.1456,0.0061,0.8011,0.4005,0,0,0.0243,15.9303,0.0182,0.8618,0.1699,19.6,"13.4",0.00125420617925971,0,0.000397675130009177,0.000856531049250535,3269000,"%"
"Montenegro",0.1588,30.3005,0.0882,0,13.7184,1.5576,1.6591,0.9134,11.5386,14.9495,0.5074,0.3221,1.2399,0.0529,0.5074,0.8207,0,0.0044,0.2647,19.6973,0.0176,1.3502,0.3309,24.9,"<2.5",0.0520900321543408,0.00128617363344051,0.0406752411575563,0.0101286173633441,622000,"%"
"Morocco",0.0204,13.9914,0.0255,0,29.9052,0.9892,3.248,0.8464,6.5725,2.5342,0.6272,0.0816,1.5552,0.3161,0.9994,0.3518,0,0,0.4844,36.0086,0.0051,1.4175,0.0204,25.6,"3.4",0.014665467726979,0.000508612695647287,0.00516480737347908,0.00899204765785259,35587000,"%"
"Mozambique",0.1562,8.7767,0,0,24.9634,0.5467,3.251,0.576,3.0265,1.562,0.4003,0.6248,7.654,0.0098,5.7796,0.2831,0,0,0.2343,41.2184,0,0.8591,0.0781,6,"27.9",0.00026674570243035,0,6.25699795824277e-05,0.000204175722847922,30366000,"%"
"Myanmar",0.0161,23.9286,0.0911,0,16.0006,0.8517,8.7797,0.4018,10.2743,3.2248,0.6964,1.6285,4.5961,0.4339,0.2786,0.3107,0,0.2625,0.2464,26.0767,0,1.8213,0.0804,5.7,"10.6",NA,NA,NA,NA,54045000,"%"
"Namibia",0.386,18.3127,0.0483,0.008,19.5191,0.3217,2.7586,0.4343,9.6107,4.6244,0.941,0.4745,4.1338,0.3458,5.0828,0.2493,0,0,0.0402,31.6873,0.0241,0.764,0.2332,15,"27.3",0.00064128256513026,0,0.00032064128256513,0.00032064128256513,2495000,"%"
"Nepal",0.0407,8.5877,0.0271,0,28.0559,0.3934,0.5698,0.6105,3.1407,3.7648,0.6919,0.1628,5.0943,1.1328,2.4556,0.1018,0.0814,0.0068,0.156,41.4055,0.0068,3.4866,0.0271,3.8,"8.7",0.000286623090635814,0,5.59264567094271e-05,0.000230696633926387,28609000,"%"
"Netherlands",0.3823,32.7073,0.0573,0.0048,10.9008,2.1075,3.264,0.9319,13.3333,13.7921,0.1481,0.1864,0.4731,0.1625,1.6487,0.3393,0,0.0048,0.5926,17.2903,0.043,1.6296,0,23.1,"<2.5",0.23816556100375,0.029910585520623,0.000801845976348428,0.207453129506778,17335000,"%"
"New Caledonia",0.3262,29.179,0.1873,0.0181,13.6531,1.6915,3.9207,0.6585,15.3749,7.2857,0.7008,1.2143,0.5739,0.0967,0.7431,0.4591,0,0,0.1087,20.824,0.0362,1.764,1.1841,NA,"7.1",NA,NA,NA,NA,291000,"%"
"New Zealand",0.3023,28.5384,0.1539,0.0165,14.1043,1.6765,3.6498,0.6651,18.0949,4.4303,0.5222,1.2917,1.1983,0.1154,1.1763,0.3463,0.0055,0.0055,0.5497,21.4533,0.011,1.693,0,32,"<2.5",0.0299215765131711,0.000422280313693947,0.026462899658154,0.00303639654132314,4973000,"%"
"Nicaragua",0.0907,16.6679,0.0302,0,23.8869,1.1188,1.217,0.4158,7.5894,5.9264,0.7786,0.9902,6.1607,0.0076,0.4611,0.0832,0,0,0.0076,33.3359,0.0076,0.8542,0.3704,21.8,"17",0.000244424075771464,7.63825236785823e-05,0.000106935533150015,6.11060189428659e-05,6546000,"%"
"Niger",0.0061,7.6195,0.0244,0,22.2968,0.0427,0.3602,0.2686,3.1321,3.474,0.5922,4.1028,13.1876,0.1587,0.2625,0.0549,0,0,0,42.3774,0,2.0209,0.0183,4.7,"16.5",0.00327313285573335,0.000163013169748188,0.00232937239929647,0.000780747286688688,23311000,"%"
"Nigeria",0.456,6.3757,0.0089,0,24.4299,0.6349,2.3786,0.7154,2.4323,0.5991,0.3219,3.0135,5.723,0.5097,5.9734,0.0179,0,0,0.2236,43.6287,0,2.5306,0.0268,7.8,"13.4",0.00146792460341156,4.87649529268924e-05,0.000239346350590155,0.00117981329989451,200964000,"%"
"North Macedonia",0.2603,20.409,0.0558,0,17.4032,1.0226,0.9854,0.9173,8.3173,9.0796,0.9482,1.159,1.8903,0.4648,1.6362,0.9049,0,0,0.3967,29.5941,0.0248,4.3694,0.1611,23.9,"3.2",0.0734359961501444,0.0041385948026949,0.0487487969201155,0.020548604427334,2078000,"%"
"Norway",0.3223,29.2815,0.3132,0,11.9831,1.6431,6.7042,0.6763,10.4943,9.7681,0.3586,1.1075,1.6704,0.0545,1.044,1.0894,0,0,0.3677,20.7208,0.1135,1.1983,1.0894,25,"<2.5",0.148830682881197,0.00402245088868101,0.000598690364826941,0.144209541627689,5345000,"%"
"Oman",0.0294,24.7856,0.0294,0,16.4454,1.4155,4.5695,2.4257,9.462,8.6221,0.6872,0.2819,1.439,0.5697,0.6402,0.3759,0,0,0.1762,25.2203,0.0059,2.6724,0.1468,22.9,"6.8",0.0582534611288605,0.000276890308839191,0.0182747603833866,0.0397018104366347,4695000,"%"
"Pakistan",0,21.0264,0.0604,0,20.8679,0.7472,0.4151,0.2868,4.483,14.6868,0.634,2.3547,2.9509,0.4075,0.566,0.3019,0.0377,0.0226,0.1057,28.9736,0.1132,0.9358,0.0226,7.8,"20.3",0.0101812388890172,0.000237342137464503,0.00267864151640385,0.0072652552351488,216565000,"%"
"Panama",0.4278,26.5459,0.1006,0.0063,16.5629,1.0316,3.1075,0.9058,13.7447,7.3725,1.1889,1.3776,2.0759,0.0315,0.4466,0.3208,0,0.0126,0.1258,23.4447,0.0315,0.6605,0.4781,22.5,"10",0.178312396302441,0.00497748281583314,0.0195069921782413,0.153827921308367,4219000,"%"
"Paraguay",0.4165,23.353,0.1458,0,15.4044,2.2839,0.8678,0.6178,13.2107,4.665,2.1798,1.201,3.5196,0.0347,1.8813,2.5824,0,0,0.0069,26.6435,0.0069,0.8469,0.1319,19,"10.7",0.00602291783119061,0.000139742873113471,0.00188652878703186,0.00399664617104528,7156000,"%"
"Peru",0.2423,18.8205,0.0064,0,18.8078,1.5493,4.6541,0.7013,7.6251,3.4173,1.5684,1.7469,3.685,0.0446,3.634,0.5802,0,0,0.0446,31.1763,0.0128,1.6066,0.0765,19.1,"9.7",0.161067933671061,0.00454359522985432,0.0484975299707372,0.10802680847047,31781000,"%"
"Philippines",0.1914,20.5089,0.3191,0,23.277,1.0211,6.6369,1.2763,9.6682,1.6273,1.2444,0.694,0.6063,0.0798,0.6142,0.4068,0,0.0319,0.2632,29.4911,0,1.9863,0.0558,6,"13.3",0.00895696328976942,0.000589176540229566,0.00130229288641009,0.00706549386312976,108117000,"%"
"Poland",0.7325,26.8833,0.5045,0,16.5268,1.0235,2.6777,0.4657,15.7313,6.8785,0.0728,0.2619,0.5918,0.0534,2.1635,0.3056,0,0,0.1601,23.1142,0.0631,1.79,0,25.6,"<2.5",0.0375807291666667,0.00186458333333333,0.0111458333333333,0.0245703125,38400000,"%"
"Portugal",0.2926,31.7568,0.3581,0,11.8389,1.166,6.7383,0.8385,14.695,7.8606,0.9389,0.1528,0.8472,0.0437,1.2402,0.6201,0,0.0044,0.3275,18.241,0.0393,1.9564,0.0437,23.2,"<2.5",0.250287272373162,0.0104586619924043,0.0169734151329243,0.222855195247833,10269000,"%"
"Republic of Moldova",0.3236,24.3154,0.2052,0,20.4719,1.8388,2.557,0.513,9.9676,9.0285,0.7182,0.1026,0.363,0.0158,1.5784,0.2525,0,0,0.0316,25.6886,0.0158,1.8073,0.2052,20.1,NA,0.12314422805532,0.00383855489697996,0.0435788879480666,0.0757267852102738,3543000,"%"
"Romania",0.5856,24.4846,0.0656,0,17.4756,2.0943,0.7871,0.6559,9.8154,10.9445,0.7777,0.253,0.595,0.417,2.0287,0.417,0,0.0141,0.1921,25.5201,0.0187,2.7314,0.1265,24.5,"<2.5",0.0714684158876091,0.00434378389545995,0.0281700325396415,0.0389545994525076,19361000,"%"
"Russian Federation",0.3436,27.3905,0.0834,0,16.2085,2.3071,3.2496,0.4123,12.6006,8.1632,0.9817,0.3682,0.7559,0.0344,2.4102,0.3534,0,0.0049,0.0393,22.6095,0.0245,1.615,0.0442,25.7,"<2.5",0.105887644737649,0.000988884421151631,0.0135383797561524,0.0913603805603451,146731000,"%"
"Rwanda",0.5486,7.3852,0.0084,0,9.2421,0.0928,2.1185,3.8656,3.0047,1.6796,0.4895,2.0594,18.2478,0.0675,7.6384,0.0506,0,0,0,42.6148,0,0.8693,0.0169,4.8,"36.8",0.00206699928724162,0,0.0010216203373723,0.00104537894986933,12627000,"%"
"Saint Kitts and Nevis",0.3183,32.0169,0.1104,0,10.9516,0.7795,5.177,0.8444,19.6622,5.151,1.1432,0.8639,2.28,0.1884,0.708,0.1234,0,0,0.2079,17.9799,0.0585,0.8574,0.5781,23.1,NA,0.0283018867924528,0,0.0226415094339623,0.00566037735849057,53000,"%"
"Saint Lucia",0.3355,30.1926,0.0578,0,12.7653,0.5784,5.437,0.7577,18.0172,4.795,1.3072,0.856,2.3367,0.3297,0.6709,0.2082,0,0,0.1504,19.8161,0.0463,0.9312,0.4107,19.8,NA,0.01,0,0.00833333333333333,0.00166666666666667,180000,"%"
"Saint Vincent and the Grenadines",0.1677,27.105,0.028,0,14.0613,0.738,2.9408,1.3195,17.9582,4.8362,0.6094,0.5591,2.8682,0.3075,1.1741,0.3522,0,0,0.1118,22.8894,0.028,1.4481,0.4976,23.8,"5.7",0.0153153153153153,0,0.00810810810810811,0.00720720720720721,111000,"%"
"Samoa",0.1866,30.9096,0.1341,0.1341,8.4665,0.4023,7.3761,1.6968,19.3878,2.793,0.6822,3.5918,0,0.1574,3.586,0.5248,0,0.0058,0.0292,19.0904,0.0058,0.5364,0.3032,45.5,"2.7",NA,NA,NA,NA,199000,"%"
"Sao Tome and Principe",0.0672,15.2065,0.0576,0,22.1614,0.1921,8.3285,4.6494,4.9952,1.5178,0.1153,3.1412,2.2094,0.0576,1.6523,0.0288,0,0,0.0096,34.7935,0.0192,0.586,0.2113,10.6,"7",0.0844660194174757,0.00145631067961165,0.00194174757281553,0.0810679611650486,206000,"%"
"Saudi Arabia",0,21.1377,0.1371,0,22.5827,1.1194,1.7362,1.2279,11.3199,6.3967,0.4284,0.2741,1.8276,0.4112,0.3141,0.4512,0,0,0.2799,28.8594,0.0057,1.0966,0.3941,35,"7.1",0.0884066865392483,0.000584487696533988,0.0158717633993804,0.0719504354433339,34218000,"%"
"Senegal",0.0247,10.7308,0.0165,0,31.8542,0.3877,4.19,0.2309,4.3632,1.0805,0.7011,2.3095,2.095,0.1567,0.6186,0.2062,0,0,0.1485,39.2692,0.0165,1.5589,0.0412,7.4,"11.3",0.00815537555228277,6.75012272950417e-05,0.00288414334806087,0.00520373097692685,16296000,"%"
"Serbia",0.4242,24.2531,0.0545,0,19.2473,1.6847,1.1272,0.8666,10.9024,9.4722,1.006,0.5394,0.9878,0.0667,0.9999,0.5697,0,0.0061,0.2242,25.75,0.0364,1.7575,0.0242,23.5,"5.7",0.139337652987761,0.00287976961843053,0.024809215262779,0.111648668106551,6945000,"%"
"Sierra Leone",0.0359,11.9253,0,0,24.7486,0.3592,6.5733,0.449,2.694,1.9037,0.3951,2.3527,5.0916,0.1976,2.9813,0.1437,0,0,0.2335,38.0747,0.009,1.7241,0.1078,7.5,"25.6",0.00254703698963266,0.00014079098937668,0.000550364776654294,0.00185588122360169,7813000,"%"
"Slovakia",0.7973,29.4291,0.9807,0,12.8688,3.0856,2.1049,0.606,13.8574,8.2842,1.1162,0.9727,0.6697,0.1515,1.7621,0.6618,0,0.0159,0.3189,20.5789,0.0558,1.5468,0.1355,22.4,"3.4",0.0260542720938761,0.000458379171250458,0.0135863586358636,0.012009534286762,5454000,"%"
"Slovenia",0.5488,27.4912,0.6606,0,15.5089,1.5092,1.6515,0.7978,12.7954,9.9853,0.8842,0.4624,0.6301,0.1779,1.1179,0.8689,0,0.0051,0.498,22.5062,0.0356,1.6769,0.188,22.5,"<2.5",0.0692049808429119,0.00469348659003831,0.0116858237547893,0.0528256704980843,2088000,"%"
"Solomon Islands",0.1398,14.7782,0.0839,0.0186,15.0205,0.3168,9.1129,0.5498,3.9415,1.0622,0.2423,1.9847,5.4603,0.1398,10.9672,0.1677,0,0,0.0839,35.2218,0,0.4752,0.2329,20.5,"8.9",NA,NA,NA,NA,699000,"%"
"South Africa",0.4676,20.7182,0.006,0,24.8966,1.2409,0.9712,0.2278,13.914,2.9615,1.6246,1.157,0.6235,0.1319,0.7793,0.1679,0,0,0.03,29.2848,0,0.7973,0,27,"6.2",0.0129179746144397,0.000252490787498294,0.00468472771939402,0.00798075610754743,58616000,"%"
"Spain",0.4855,31.0583,0.0607,0,11.2506,2.012,5.7607,0.7096,15.2747,7.2732,0.6769,0.6022,1.3631,0.0187,1.1157,0.6396,0,0.0047,0.6302,18.9394,0.014,2.1101,0,27.1,"<2.5",0.465933762454061,0.0544112336158732,0.262328723472054,0.149193805366133,47073000,"%"
"Sri Lanka",0.0699,14.5498,0,0,23.7396,1.0176,7.4963,0.5438,2.4314,3.2083,0.3884,2.4703,4.4589,1.3284,0.4816,0.6448,0,0,0.1631,35.4541,0,1.5148,0.0388,5.4,"9",0.00352086948579779,4.1099643803087e-05,0.000972691570006393,0.00250707827198831,21898000,"%"
"Sudan",0,15.5619,0.0147,0,23.8327,0.2578,0.2283,0.9648,5.9434,8.2192,0.9059,1.7823,5.0302,0.0884,0.5082,0.2504,0.0295,0,0,34.4307,0,1.9296,0.0221,7.4,"20.1",0.00181720505453951,0.000105108261509355,0.000163501740125663,0.00154859505290449,42813000,"%"
"Suriname",0.2987,20.4911,0.0166,0,20.7234,1.4186,3.924,1.3274,11.2992,3.559,0.2821,1.7007,1.0204,0.0747,0.8794,0.3484,0.0166,0,0.0581,29.5006,0.0249,2.4224,0.6139,26.5,"8.5",0.00166112956810631,0.000166112956810631,0.00149501661129568,0,602000,"%"
"Sweden",0.3591,31.5441,0.527,0,12.2651,1.9867,3.9873,0.5829,13.3004,11.7101,0.028,0.5363,0.499,0.1213,1.054,1.0679,0,0.0047,0.3591,18.4582,0.0933,1.3431,0.1726,22.1,"<2.5",0.22570484153218,0.0277464514874587,0.039607233132413,0.158351156912308,10286000,"%"
"Switzerland",0.408,30.6026,0.0732,0.0052,13.2925,1.674,2.2651,0.7951,11.7127,14.1191,0.7585,0.4447,0.5964,0.1151,0.9207,0.2459,0,0.0105,0.8684,19.3974,0.0209,1.674,0,21.2,"<2.5",0.350081661222585,0.0209402706486234,0.296313579094727,0.0328278114792347,8572000,"%"
"Taiwan*",0.2391,24.758,0.035,0.0175,12.9738,2.4082,4.5073,0.7813,14.793,2.4431,0.5598,6.0058,0.9329,0.2041,0.2391,0.3557,0.0117,0,0.5364,25.2362,0.0058,2.8571,0.0991,NA,"3.5",0.00185648285508414,2.54312719874539e-05,0.00141567414063493,0.000415377442461747,23593000,"%"
"Tajikistan",0.009,12.1401,0,0,28.2246,0.6499,0.0903,0.5777,5.5601,4.8921,0.9568,0.6679,1.4803,0.0903,1.2546,0.2437,0,0,0.1354,37.8554,0.009,5.0546,0.1083,12.6,NA,0.00317752955210932,5.42240537902614e-05,0,0.00312330549831905,9221000,"%"
"Thailand",0.336,21.4555,0.0246,0.0328,19.8574,3.188,8.2855,0.9916,7.3431,2.0406,0.5491,1.9423,1.2375,1.8604,0.4507,0.3524,0,0,0.1147,28.5363,0.0164,1.3522,0.0328,10.8,"7.8",0.00450176273842167,8.13571579232832e-05,0.00413866875583813,0.000281736824660259,66374000,"%"
"Timor-Leste",0.0433,13.5655,0.104,0,26.8711,0.2166,1.9491,0.2685,10.6289,0.2772,0.3812,2.157,3.6036,0.0866,1.0135,1.2474,0,0,0,36.4432,0.0087,0.9356,0.1992,2.9,"24.9",0.00185614849187935,0,0.00154679040989946,0.000309358081979892,1293000,"%"
"Togo",0.096,8.0251,0.0174,0,26.0904,0.2355,2.739,0.1221,3.9428,0.82,0.2791,1.4567,7.8768,0.1483,4.9721,0.1396,0,0,0,41.9749,0,0.8636,0.2006,7.1,"16.1",0.00158376639445682,0.000111358574610245,0.000915614946795348,0.000556792873051225,8082000,"%"
"Trinidad and Tobago",0.0945,24.9557,0.0532,0,16.7277,0.7442,4.0579,0.4725,13.5735,5.9657,0.5611,1.0514,3.2369,0.4135,1.0573,0.2008,0,0,0.2067,25.0443,0.0413,0.9864,0.5552,19.7,"5.5",0.00851688693098385,0.000587371512481645,0.00756240822320118,0.000367107195301028,1362000,"%"
"Tunisia",0.0657,14.2467,0.0909,0,25.144,1.1367,1.7834,0.8285,5.3804,5.4865,0.3688,1.1013,2.3795,0.3587,0.6366,0.4193,0,0,0.8538,35.7583,0.0657,3.8547,0.0404,27.3,"4.3",0.00876125160737248,0.000368624089155594,0.00413201885983712,0.00426060865837977,11665000,"%"
"Turkey",0.0692,17.6686,0.0395,0,20.5038,1.1558,0.6866,0.9879,7.2808,8.1403,0.3655,0.652,3.4675,0.3803,1.0768,0.5335,0,0.0049,0.8298,32.3339,0.0692,3.7145,0.0395,32.2,"<2.5",0.156755480770395,0.0042611400970862,0.0887152420497052,0.0637790986236033,82607000,"%"
"Turkmenistan",0,21.5563,0.0485,0,24.3242,1.1201,0.4685,0.4254,12.3586,7.3613,0.1992,0.1992,0.4739,0.0054,0.7485,0.2746,0,0,0.0592,28.4437,0.0162,1.8255,0.0915,17.5,"5.4",NA,NA,NA,NA,5942000,"%"
"Uganda",0.7449,10.3906,0.0382,0,13.7809,0.2388,3.2184,2.6168,3.2948,3.0465,0.5539,2.6454,14.9938,0.0478,3.7341,0.0382,0,0,0,39.6046,0,0.9932,0.0191,4.1,"41",0.000221368872825841,0,0.00012423763270838,9.7131240117461e-05,44270000,"%"
"Ukraine",0.3075,21.693,0.0696,0,20.3469,2.4542,1.8276,0.4525,9.074,7.6004,0.6672,0.0174,0.6672,0.0348,3.336,0.2031,0,0,0.1741,28.307,0.0464,2.692,0.029,26.1,"3.5",0.0302043437923734,0.000751718723981255,0.00446035635273687,0.0249922687156553,42037000,"%"
"United Arab Emirates",0,20.4155,0.0606,0,16.2513,1.0294,2.9531,0.885,10.3405,5.4823,0.5496,0.8803,7.5411,0.5962,0.2189,0.2282,0,0,0.9875,29.5822,0.0047,1.756,0.2376,29.9,"2.6",0.158481118297517,0.00152305445441269,0.0328917170874192,0.124066346755685,9586000,"%"
"United Kingdom",0.4758,28.108,0.0673,0,13.8546,1.6724,2.5181,0.7256,14.5754,8.8375,0.4325,0.7353,1.0909,0.173,1.9607,0.7785,0,0.0048,0.2979,21.8944,0,1.4657,0.3316,29.5,"<2.5",0.293631888438346,0.0441413672886149,0.00138554307004025,0.248104978079691,66833000,"%"
"United Republic of Tanzania",0.5436,7.8113,0.0084,0,19.244,0.0836,1.8567,1.4636,2.9857,2.877,0,2.9355,12.3693,0.0753,3.9977,0.0585,0,0.0084,0.092,42.1845,0,1.3883,0.0167,7.1,"30.7",0.00082751486940781,2.75838289802603e-05,0.000287906214981467,0.000512024825446082,58005000,"%"
"United States of America",0.2946,32.4775,0.0264,0.0044,10.4594,2.0048,2.3873,0.5935,18.0875,9.8791,0.0879,1.2706,1.0332,0.1231,1.064,0.6331,0,0.0747,0.4924,17.5247,0.0835,1.3981,0,37.3,"<2.5",0.365893976357499,0.0215899596844021,0.0576604193186755,0.295463204041889,329153000,"%"
"Uruguay",0.1599,26.7144,0.0178,0,16.4397,1.9187,1.5693,0.6573,11.7731,10.9203,0.5152,0.6455,1.06,0.0415,1.0897,1.6878,0,0.0059,0.0533,23.2856,0.0296,1.2496,0.1658,28.9,"<2.5",0.0190394998579142,0.000483091787439614,0.0132992327365729,0.00525717533390168,3519000,"%"
"Uzbekistan",0.0588,20.0246,0.0374,0,23.3709,1.0317,0.3582,0.7698,7.1952,10.5736,0.8286,0.1336,0.0107,0.016,1.2509,0.1604,0,0,0.1657,29.9781,0.0053,3.9985,0.0321,15.3,"6.3",0.00659376773923695,2.98766096023423e-05,0.00448447910131158,0.00207941202832303,33471000,"%"
"Vanuatu",0.0078,19.8713,0.0863,0,14.6387,0.6119,6.8016,1.1532,9.8533,1.6082,0.91,6.6761,0.0078,0.1177,5.7347,0.0863,0,0,0.0157,30.1247,0.0078,1.5847,0.102,23.5,"7.2",NA,NA,NA,NA,313000,"%"
"Venezuela (Bolivarian Republic of)",0.1955,22.5411,0.1244,0,21.6526,0.8707,2.6477,1.0662,11.8347,6.3083,0.7641,0.0444,1.9369,0,1.1195,0.3287,0,0.0178,0,27.4545,0.0533,1.0129,0.0267,25.2,"21.2",0.00126595595455183,3.50680319820452e-05,0.000554074905316314,0.000676813017253472,28516000,"%"
"Vietnam",0.1555,20.4466,0.1555,0.0056,18.5247,0.7665,5.7435,0.7165,11.0426,1.0887,1.6442,3.7994,0.9387,0.5221,0.2333,0.5444,0.0167,0.0056,0.3277,29.5617,0,3.7216,0.0389,2.1,"9.3",0.0002833068495442,0,0.00024253575311533,4.07710964288701e-05,95656000,"%"
"Yemen",0,10.0122,0.0188,0,35.1179,0.432,0.9392,0.4884,5.9453,1.963,0.7232,0.2254,2.9398,0.0657,0.2066,0.3193,0,0,0.0188,39.9831,0,0.5448,0.0564,14.1,"38.9",7.54406419312804e-05,1.37164803511419e-05,3.42912008778547e-06,5.82950414923531e-05,29162000,"%"
"Zambia",0.4824,9.8925,0.0338,0,28.5182,0.5839,3.0126,0.0931,4.3158,1.0324,0.9139,8.0562,0.6431,0.0846,1.2863,0.0762,0,0,0,40.1117,0,0.8039,0.0592,6.5,"46.7",0.00077263311124797,1.67963719836515e-05,0.00051508874083198,0.000240747998432339,17861000,"%"
"Zimbabwe",0.2929,11.3443,0.0391,0,33.1934,0.5077,1.0837,0.2636,6.6582,2.4114,0.6541,1.523,1.6987,0.0488,0.5467,0.2636,0,0,0.1367,38.6508,0.0293,0.5955,0.0586,12.3,"51.3",0.000232161147149198,2.73130761351997e-05,3.41413451689997e-05,0.000170706725844998,14645000,"%"
